categoria,partida,importe_eu,origen_y_justificacion
LOCAL,Fianza alquiler (2 meses a 750€),1500,"Alquiler en Oleiros, local barrio residencial 40-50m²: 750€/mes. Fianza legal 2 meses en alquiler comercial Galicia."
LOCAL,Primer mes de alquiler por adelantado,750,"Mes corriente al firmar contrato"
LOCAL,Traspaso,0,"Buscamos local vacío. Si tiene traspaso se descarta."
LOCAL,"SUBTOTAL LOCAL",2250,
REFORMAS,Pintura (materiales),250,"Pintura plástica para ~50m² (paredes+techo): 150-200€ + herramientas/cintas/cubresuelos. Mano de obra propia."
REFORMAS,Suelo vinílico LVT (material),800,"Suelo LVT click, 45-50m² útiles, calidad media (14-18€/m²). Resistente para tienda. Mano de obra propia."
REFORMAS,Focos LED e instalación eléctrica puntual,500,"Carriles + 8-10 focos LED buena luz + algunas tomas nuevas. Materiales. Mano de obra propia."
REFORMAS,Probador (materiales),200,"Estructura + cortina + espejo + luz interior. Mano de obra propia."
REFORMAS,Reparaciones varias,150,"Pequeños arreglos de fontanería, persianas o lo que necesite el local"
REFORMAS,"SUBTOTAL REFORMAS (solo materiales)",1900,"De los 2.630 anteriores se han recortado 730€ ajustando a local de Oleiros (más pequeño, menos necesidad de obra)"
IMAGEN,Rótulo fachada (vinilo alta calidad + letras corpóreas sencillas),350,"Opción económica en imprenta local de Oleiros/A Coruña, sin luminoso al principio."
IMAGEN,Vinilo escaparate,120,"Horario, logo KHC."
IMAGEN,Logotipo (Canva o freelance barato),50,"Podéis hacerlo en Canva; 50€ reserva por si queréis retoque profesional."
IMAGEN,Etiquetas colgantes KHC (pedido inicial 3.000 uds),100,"Imprenta online, más pequeño que el anterior."
IMAGEN,Bolsas papel KHC (pedido 300 uds, 2 tamaños),150,"Pedido más pequeño al principio; se reponen después."
IMAGEN,"SUBTOTAL IMAGEN Y MARCA",770,"Recortado frente a 1.220 anterior"
MOBILIARIO,Percheros pared (6 uds) + 2 percheros de suelo,250,"Barras económicas o segunda mano de Milanuncios; o construidos por ti con tubo y madera."
MOBILIARIO,Mostrador (construido por ti, solo materiales),100,"Tablero + patas o reutilizar uno de segunda mano, pintado con marca KHC."
MOBILIARIO,Estanterías baldas para ropa doblada,150,"Baldas básicas Ikea/Leroy Merlin."
MOBILIARIO,Maniquíes (2 UDS SEGUNDA MANO),120,"En Milanuncios/Wallapop se encuentran por 40-80€/ud de tiendas que cierran. Empezamos con 2, no más."
MOBILIARIO,Espejos (1 grande pared + 1 probador),80,""
MOBILIARIO,Perchas (80 uds),40,""
MOBILIARIO,Pequeños organizadores, cestas, expositor caja,100,""
MOBILIARIO,Expositor pequeño pared/mesa para articulos bebe regalo,80,"Estanteria pequeña junto al mostrador para sets regalo y chupeteros/sonajeros; impulso de compra."
MOBILIARIO,Silla probador,30,""
MOBILIARIO,"SUBTOTAL MOBILIARIO",950,"Recortado drásticamente frente a 1.690 anterior, apostando por segunda mano y construcción propia"
EQUIPAMIENTO,Lector de tarjetas Revolut/Square + uso móvil que ya tienes,30,"El lector son 29€; no hace falta TPV táctil nuevo"
EQUIPAMIENTO,Cajón monedero,40,""
EQUIPAMIENTO,Etiquetadora pistola + rollos etiquetas,50,""
EQUIPAMIENTO,Kit cámaras seguridad wifi (2 cámaras),100,"Kit básico Xiaomi/Reolink sin cuota mensual"
EQUIPAMIENTO,Extintor + señalización obligatoria,80,""
EQUIPAMIENTO,"SUBTOTAL EQUIPAMIENTO",300,"Ajustado, prescindiendo de impresora tickets al principio (se envía por SMS/email) y sin TPV caro"
STOCK,Pedido ropa KHC desde China (puesto en Oleiros, TODO incluido),5500,"825 prendas en 30 modelos (bodies, conjuntos, pantalones, sudaderas, vestidos, abrigos, pijamas). FOB fábrica: ~3.550€; factor 1,55x = 5.500€ puesto en Oleiros. Ver detalle en documento plan negocio."
STOCK,Pedido extra puericultura/regalo KHC marca propia China,2000,"Sets regalo bebé, muselinas, baberos silicona/algodon, mantas arrullo, chupeteros silicona, sonajeros/mordedores, toallas capucha, doudous apego, neceseres viaje. ~435 unidades con margen 75-85%. Productos de regalo e impulso que aumentan el ticket medio. Ver detalle."
STOCK,Articulos bebé de marca reconocida España (chupetes, biberones, higiene),530,"~180 uds de Suavinex/Nuk/Avent: productos donde los clientes buscan marca concreta. Compra al por mayor en España, margen 55-60%."
STOCK,Juguete pequeño seleccionado (madera, libros tela, peluches),310,"~90 uds: juguetes sensoriales madera, libros de tela bebé, peluches pequenos. Alto margen, regalo, poco espacio. NO juguetes grandes ni marcas."
STOCK,Complementos KHC (calcetines, diademas, gorros, baberos basicos),350,"Calcetines (300 pares), diademas, gorros; producto impulso por excelencia, margen muy alto."
STOCK,"SUBTOTAL STOCK TOTAL INICIAL",8690,"Ropa + puericultura marca KHC + articulos marca España + juguete pequeño + complementos. Suficiente para llenar tienda de 45m²."
LEGAL,Alta autónoma,150,""
LEGAL,Licencia apertura Ayuntamiento (obra menor, local <50m²),300,"Local pequeño con obra menor: más barato."
LEGAL,Primer trimestre seguro multirriesgo + RC,100,""
LEGAL,Revisión contrato alquiler (opcional, recomendado),100,""
LEGAL,"SUBTOTAL LEGAL",650,"Registro de marca KHC lo hacemos más adelante, no hace falta el primer día."
WEB,Dominio + hosting 1 año (web hecha por ti),120,"Dominio 12€ + hosting económico válido para WooCommerce ~9€/mes anual: 120€ total."
WEB,"SUBTOTAL WEB",120,
MARKETING,Publicidad pre-apertura redes (2 semanas antes),150,"Campaña segmentando padres en Oleiros + A Coruña área cercana."
MARKETING,Día de apertura (globos, pequeños detalles niños),50,""
MARKETING,Fotos iniciales (hechas por ti con móvil),0,"Lo haces tú, sin gasto."
MARKETING,"SUBTOTAL MARKETING APERTURA",200,"El marketing continuo va en gastos fijos mensuales, no en inversión inicial."
SUMINISTROS,Alta luz (fianza),120,""
SUMINISTROS,Alta fibra internet (instalación regalo con contrato),0,"Muchas compañías no cobran instalación con contrato de 12 meses."
SUMINISTROS,Alta agua,60,""
SUMINISTROS,"SUBTOTAL SUMINISTROS",180,
RESERVA,Imprevistos reserva,1000,"Sigue siendo importante; las reformas siempre tienen sorpresas. Bajado de 2.000 a 1.000€ por ser obra propia."
FONDO_MANIOBRA,Fondo de maniobra (caja para aguantar los primeros meses),4000,"Explicado detalladamente abajo."
TOTAL,"INVERSIÓN INICIAL TOTAL KHC (Oleiros, stock completo 8.690, maniobra 4k)",21010,"≈ 21.000 EUROS para abrir con stock completo de ropa + articulos de bebé + puericultura marca + complementos + juguete pequeño seleccionado. No incluye bañeras/carritos/tronas/sillas coche que ocupan mucho espacio y no rotan al principio."
