categoria_producto,producto_ejemplo,fob_china_usd,fob_china_eu,flete_aranceles_puesto_a_coruna_eu,COSTE_TOTAL_REAL_KHC_eu,pvp_min_eu,pvp_max_eu,margen_bruto_pct,markup_x,notas_y_calculos
METODOLOGIA,"Coste TOTAL puesto en tienda A Coruña = FOB + flete marítimo + seguro + arancel UE 12% + despachante + IVA 21% (deducible) + transporte puerto a tienda. Calculamos un factor multiplicador de 1,55x sobre FOB en € para cubrir todos los costes de importación en pedidos LCL (carga suelta) de 1.500-3.000 prendas. Factor basado en datos de importadores textiles Galicia 2025.",,,,,,,,,
ROPA_BEBE,Body algodon peinado OEKO-TEX basico,1.4-2.3,1.3-2.1,aprox 0.8-1.1,2.1-3.2,9.9,15.9,73%-80%,~3.9x,"FOB Shenzhen/Guangzhou calidad media-alta, algodon peinado 180-200g, etiqueta KHC, bolsa individual."
ROPA_BEBE,Body pack 3 unidades surtido,3.6-5.3,3.3-4.9,aprox 2.0-2.7,5.3-7.6,24.9,39.9,69%-75%,~3.5x,"Pack de 3 bodies en caja o con lazo. Muy buen margen y muy vendido."
ROPA_BEBE,Conjunto 2 piezas (camiseta+pantalon corto/largo),2.7-4.2,2.5-3.9,aprox 1.5-2.1,4.0-6.0,19.9,32.9,70%-77%,~3.7x,""
ROPA_BEBE,Conjunto 3 piezas (body+pantalon+chaqueta/pelele),4.3-6.3,3.9-5.8,aprox 2.3-3.1,6.2-8.9,29.9,48.9,70%-76%,~3.7x,"Producto regalo estrella para nacimientos."
ROPA_BEBE,Mameluco/pelele bebé,2.2-3.5,2.0-3.2,aprox 1.2-1.7,3.2-4.9,17.9,28.9,73%-78%,~3.9x,""
ROPA_BEBE,Vestido bebe niña con detalles,2.8-4.8,2.6-4.4,aprox 1.5-2.3,4.1-6.7,22.9,39.9,72%-79%,~4.0x,""
ROPA_NINO,Camiseta manga corta algodon peinado,1.7-2.9,1.6-2.7,aprox 0.9-1.4,2.5-4.1,11.9,19.9,72%-79%,~3.9x,"Camiseta lisa o estampada calidad media-alta."
ROPA_NINO,Camiseta manga larga/sudadera algodon,2.6-4.1,2.4-3.8,aprox 1.4-2.0,3.8-5.8,16.9,27.9,72%-78%,~3.8x,""
ROPA_NINO,Sudadera capucha cremallera,3.6-5.5,3.3-5.0,aprox 1.9-2.7,5.2-7.7,21.9,34.9,70%-76%,~3.4x,""
ROPA_NINO,Pantalon jogger/chandal,2.5-4.0,2.3-3.7,aprox 1.4-2.0,3.7-5.7,18.9,29.9,70%-78%,~3.7x,""
ROPA_NINO,Vaquero/pantalon largo niñ@,3.8-6.0,3.5-5.5,aprox 2.0-2.9,5.5-8.4,22.9,38.9,69%-76%,~3.4x,""
ROPA_NINO,Falda niña,2.8-4.8,2.6-4.4,aprox 1.5-2.3,4.1-6.7,22.9,38.9,73%-79%,~3.9x,""
ROPA_NINO,Cardigan/chaqueta punto,3.5-5.8,3.2-5.3,aprox 1.9-2.8,5.1-8.1,24.9,42.9,72%-78%,~3.8x,""
ROPA_NINO,Abrigo/plumifero/cazadora,7.0-11.0,6.4-10.1,aprox 3.7-5.4,10.1-15.5,39.9,69.9,68%-75%,~3.2x,"Producto de mayor ticket en invierno."
ROPA_NINO,Pijama algodon,2.4-3.8,2.2-3.5,aprox 1.3-1.9,3.5-5.4,14.9,24.9,72%-78%,~3.8x,"Buena recurrencia."
ROPA_NINO,Pack 2-3 braguitas/calzoncillos,1.8-3.0,1.6-2.8,aprox 1.0-1.5,2.6-4.3,9.9,16.9,68%-74%,~3.2x,""
CALZADO,Zapatillas casa/primeros pasos,2.5-4.5,2.3-4.1,aprox 1.4-2.2,3.7-6.3,14.9,24.9,68%-74%,~3.2x,"Calzado básico de fabricación china."
CALZADO,Deportivas/zapatillas,5.0-8.0,4.6-7.3,aprox 2.6-3.9,7.2-11.2,24.9,39.9,65%-72%,~3.0x,""
CALZADO,Botas/botines invierno,5.5-9.0,5.0-8.2,aprox 2.9-4.4,7.9-12.6,29.9,48.9,67%-74%,~3.1x,""
COMPLEMENTOS,Calcetines (par) algodon,0.3-0.6,0.3-0.5,aprox 0.2-0.3,0.5-0.8,3.5,7.5,80%-88%,~5.8x,"Producto de impulso por excelencia. MUY alto margen."
COMPLEMENTOS,Medias/leotardos niña,0.8-1.5,0.7-1.4,aprox 0.4-0.7,1.1-2.1,5.9,11.9,76%-82%,~4.6x,""
COMPLEMENTOS,Gorro punto/gorra,0.9-2.0,0.8-1.8,aprox 0.5-1.0,1.3-2.8,7.9,15.9,74%-82%,~4.5x,""
COMPLEMENTOS,Diadema/lazo/coletero,0.2-0.8,0.2-0.7,aprox 0.1-0.4,0.3-1.1,3.9,9.9,82%-90%,~6.8x,"El producto con mayor margen de toda la tienda. Imprescindible junto a caja."
COMPLEMENTOS,Bufanda/cuellos/guantes (set),1.3-2.5,1.2-2.3,aprox 0.7-1.2,1.9-3.5,9.9,18.9,74%-81%,~4.3x,""
COMPLEMENTOS,Mochilas/bolsos pequeños,2.8-5.5,2.6-5.0,aprox 1.5-2.7,4.1-7.7,16.9,32.9,70%-76%,~3.4x,""
ARTICULOS_BEBE,Babero algodon/silicona,0.5-1.5,0.5-1.4,aprox 0.3-0.7,0.8-2.1,5.9,12.9,78%-84%,~5.2x,""
ARTICULOS_BEBE,Muselina/paño algodon (pack 2),1.8-3.0,1.6-2.8,aprox 1.0-1.5,2.6-4.3,12.9,21.9,73%-80%,~4.0x,""
ARTICULOS_BEBE,Manta bebe algodon/minky,2.8-5.5,2.6-5.0,aprox 1.5-2.7,4.1-7.7,19.9,34.9,73%-78%,~3.8x,""
ARTICULOS_BEBE,Set regalo caja KHC (montado por vosotros),4.5-7.5,4.1-6.9,aprox 2.3-3.6,6.4-10.5,29.9,54.9,75%-81%,~4.3x,"Cajas regalo para recién nacido con varias piezas KHC + packaging bonito. Producto estrella para regalo."
EVENTOS_ESPECIALES,Vestido/traje comunion,12-22,11-20,aprox 6-10,17-30,69.9,139.9,72%-79%,~4.0x,"Muy alta temporada abril-mayo; ticket muy alto. Pocas unidades pero gran margen por venta."
EVENTOS_ESPECIALES,Ropa bautizo,6-11,5.5-10,aprox 3.2-5.4,8.7-15.4,34.9,69.9,72%-78%,~3.9x,""
EVENTOS_ESPECIALES,Conjunto fiesta/Navidad,5-9,4.6-8.2,aprox 2.7-4.3,7.3-12.5,29.9,54.9,72%-77%,~3.8x,""
RESUMEN,MARGEN BRUTO MEDIO PONDERADO KHC,,,,,,,68%-75%,~3.8x,"PARA LOS CALCULOS GLOBALES USAREMOS 70% (0,70) COMO REFERENCIA CONSERVADORA. La fabricación directa en China con vuestra marca da ~8-12 puntos más de margen que comprar a proveedores/marcas españolas."
GASTOS_VARIABLES,Comisión TPV tarjeta,,,,,,0.4-0.8%,"Sobre cada venta con tarjeta (la mayoría). Descontado del margen; no es fijo. Revolut/Square rondan el 0,4-0,6% + 0,02€ por venta."
GASTOS_VARIABLES,Comisión pasarela de pago web (Stripe/PayPal),,,,,,1.4-1.9% + 0.25€,"Comisión por venta online; se traslada al cliente o al precio final."
GASTOS_VARIABLES,Devoluciones estimadas,,,,,,3-5%,"Normal en ropa infantil; muchas son cambio de talla (no es una pérdida neta, pero sí gestión)."
GASTOS_VARIABLES,Mermas/ropa dañada/stock obsoleto,,,,,,2-3%,"Se liquidan en rebajas de enero/julio."
GASTOS_VARIABLES,Rebajas de temporada (enero-febrero y julio-agosto),,,,,,-20-30% margen,"En rebajas se vende con 20-30% de descuento sobre PVP; el margen baja pero sirve para dar salida a stock sobrante."
